rebalance_date,roc5,roc12,roc20,roc60,roc120,mom_12_1,rsi14,dist_ma20,ma5_ma20,ma20_ma60,macd_dif_n,adx14,hv20,atr14_n,boll_width,skew20,vol_ratio5,vol_ratio10,obv_trend,vol_price_trend,amt20,high_252
2021-09-23,-1.0,-1.0,-1.0,-1.0,,,-1.0,-1.0,-1.0,-1.0,-1.0,,-1.0,,-1.0,-1.0,-1.0,-1.0,-1.0,-1.0,-1.0,
2021-10-14,-1.0,-1.0,1.0,1.0,,,-1.0,-1.0,-1.0,1.0,1.0,,1.0,,1.0,1.0,-1.0,-1.0,-1.0,,1.0,
2021-10-28,-1.0,-1.0,1.0,-1.0,,,-1.0,-1.0,1.0,-1.0,-1.0,,-1.0,,-1.0,-1.0,-1.0,-1.0,,-1.0,-1.0,
2021-11-11,1.0,1.0,1.0,-1.0,,,1.0,1.0,1.0,-1.0,1.0,,-1.0,,1.0,-1.0,1.0,1.0,,-1.0,-1.0,
2021-11-25,-0.19245086637521905,-0.2768881945155713,-0.3097994190925268,-0.1837539734577388,,,-0.31039855084534745,-0.3055799974599333,-0.28752534709884453,-0.1664520213105965,-0.2980066560968047,,-0.22352052386926646,,-0.28255459695435525,-0.07434073462504343,-0.09706154724640632,-0.08733532401179482,-0.11014026578049105,-0.05837539895515064,0.012582525656059832,
2021-12-09,-0.06411288026859077,-0.04859428332158568,0.007672264788087298,-0.00830970171119459,,,-0.026461030093255882,-0.0679071266063807,-0.03400636382221657,0.039786500808046535,0.036835252591894414,,-0.1137793714076989,,-0.13068424712674662,-0.006161570622483042,-0.06679359870377112,-0.0625158268986252,-0.05212434277420738,-0.025349491760374425,-0.26232655414298345,
2021-12-23,0.09355368452824221,-0.009361817090902192,0.02724167978970701,-0.21841246540326348,-0.012260535601784642,,0.009957131987592965,0.055079234592922896,0.16659586115966185,-0.22664683765829127,-0.002434954246322257,,-0.3675674810467731,,-0.35738833497672345,0.0626196564454722,0.002805267498613086,0.019044886774494556,0.009048203955028762,-0.03744670035323451,-0.4034412741955506,0.012260535601784642
2022-01-07,-0.007927971705982091,0.0006893528195895391,0.023334150985485604,-0.11325104342886155,0.014621605017990986,,0.013819542504637083,0.017376065273863293,0.027925379214329027,-0.048420421081120595,0.007600601921580069,,-0.15885870765247334,,-0.17492294093197722,0.004732617468875663,0.020806265565121152,0.03069943272003298,-0.0024794459343730987,-0.06899077099842295,-0.1344956105552142,-0.014621605017990986
2022-01-21,0.06800053343484892,-0.017125930029549753,0.01311293075163679,-0.10012552138369989,0.03204944296153992,,-0.029274330371951218,0.022221648239878603,-0.0485594344936048,-0.002837239511323054,-0.01711700120370622,,-0.22008122245747272,,-0.18026616005184173,-0.0246325733237046,0.07096023483929738,0.021809732615436325,0.0016412529470905338,-0.008173558508691281,-0.13330735938522267,0.03204944296153992
2022-02-11,-0.29844872562681146,-0.20895839395372717,-0.17236184275754443,-0.24734304077297603,-0.02575701002968269,,-0.26260931789179104,-0.25039505566876863,-0.16115413854690108,-0.2969364404996422,-0.274042826863165,,0.07006897443369717,,0.030001836665671827,0.005439708871009272,-0.09369059086442288,-0.0599367450343098,-0.1631570032874892,-0.11156363657953855,-0.002234286427695568,-0.02575701002968269
2022-02-25,-0.04093477663612585,0.038172623681526886,0.04196065766328499,0.22693175559511358,0.14613899083129891,,0.08089866435959159,0.048846523756476065,0.11276492589133551,0.18350081447435898,0.13430633984004464,,0.03850639941718073,,-0.019729872276322315,-0.06688470247931966,-0.05866475441050871,-0.05261037062977168,0.009183657336698134,0.02803172687346175,-0.048518406252433144,0.13219375420045956
2022-03-11,0.04719657591022414,0.067229830430537,0.035916409130925586,0.07686209161327219,0.07198238359471273,,0.05233346267403983,0.05567904614767657,0.031886446738792935,0.00584822813638908,0.013374258356876598,,-0.03578308080279987,,-0.09223077116853028,-0.09683266450209531,0.010816443163621453,-0.0036638862363483743,-0.007291281066982703,0.024516434104821346,-0.10634047953652298,0.03521730880095789
2022-03-25,0.08308354391647962,0.06401749014718834,0.10098998206015228,0.18447146217124802,-0.008315695232077258,,0.04603601794325465,0.10673465286691682,0.045010234703621456,0.05123643938194216,0.03454164761383725,,-0.1348966442815081,,-0.17337214523742653,-0.15250137152996282,0.0351304054283215,0.011308707967443096,0.0790551253504754,-0.055318517072913284,-0.14959266167438368,0.1900505744159833
2022-04-12,0.11249971149456879,0.11832891493862668,0.045330493338926234,-0.036237810510875886,-0.08163887769433162,,0.027892035219774368,0.11174949146663953,0.07118109804383906,-0.09821861646138251,-0.001731900522635618,,-0.17671785815125232,,-0.18873991549906644,-0.08365697806398462,0.12082282381133214,0.10526611548504414,0.01638307483709472,-0.04772905601619174,-0.0950383646399609,0.08622222860152819
2022-04-26,-0.27409903517595674,-0.3072048052776707,-0.3725537596316746,-0.267445430791559,-0.21229451160769713,,-0.2365269589256416,-0.31613612586140255,-0.3177050831688871,-0.2619027683074595,-0.37320472647849384,,0.1007013713181963,,0.3361857370119549,-0.005808971622570066,0.014475783573629967,0.004356174186208179,-0.14275496025536624,-0.03498516818154249,0.01954955335408712,-0.33869432146075
2022-05-13,-0.037394050348357424,-0.14353632309065045,-0.17183543482216196,-0.16896259525177607,-0.10822473448350503,,-0.18645687944631326,-0.16421484261666633,-0.18759830027438118,-0.12800834429361097,-0.1895247804712907,,-0.07931906114474516,,0.01934274650228931,-0.1032440427652827,-0.0011052161788071403,-0.046252774127581574,0.05044702573634051,-0.022780605413430962,-0.07821125937426236,-0.15893971886579666
2022-05-27,-0.12363364446185161,-0.0034640571018940917,0.18492587687260773,-0.2181278017746944,-0.27044695053331175,,-0.018623384899772843,0.021223525138275842,0.11026526884763074,-0.08207180680308013,0.027072625625670962,,-0.008760767030482893,,0.03332274932677165,0.06824301411324155,-0.1020665670014966,-0.047316056584361714,-0.08818091897834371,-0.06198624096959335,0.1038503101438622,-0.251900246570582
2022-06-13,-0.1307519820005078,-0.03314346212283821,-0.001614218277009976,-0.10646524504878216,-0.30029299874614046,,-0.025380584141153118,-0.009581425494535058,-0.012734327560194112,-0.04246983983666408,-0.007995301598578343,,0.02545500143226032,,-0.006096007505646793,0.013147881460896828,-0.026932761914655743,-0.028578481914781448,-0.0722997739385262,0.011466303262607306,0.0008593519147465005,-0.21420544352495957
2022-06-27,-0.09769374520567799,-0.14065615682227683,-0.1642150346301176,-0.09445725140227022,0.051988336357704834,0.024615060687513197,-0.10976802766350248,-0.13343400298445113,-0.1183919325476657,-0.11763297200225885,-0.15987752284818196,,-0.20679040223970924,,-0.18390291592901606,-0.033130105085353106,-0.023482280962237725,-0.03137360930382164,-0.012933453855005673,-0.05406224988923867,-0.1405760172089416,0.02848100325890158
2022-07-11,0.0390005422482773,-0.17724912404002835,-0.13272770362516348,-0.04949120607202923,-0.08735394779427924,-0.04414727621001852,-0.10880103515128454,-0.10355795045303534,-0.1346451436563603,0.0020795826746847525,-0.10355094407496065,,-0.06720023973589978,,-0.10358967848270621,-0.07315243405764937,-0.03707343794935045,-0.08752785886671795,-0.044890653361550646,-0.054623672559196694,-0.2437614208502,-0.07687874153216204
2022-07-25,0.06601743380259821,0.05264377171489298,-0.007567559104015895,0.19030337712914866,-0.10440531215322202,0.009555807835314883,0.10437542751017702,0.08640244971044,0.1462257788522346,0.12572202965660595,0.1216379521485163,,0.03518306915757697,,-4.9482828817313234e-05,0.005778078542141533,-0.05649099589850579,0.029038027397252923,0.06078399913519333,-0.06482849614268095,-0.06672223520604686,-0.043717970709203025
2022-08-08,-0.15523590492181372,-0.09851610114218444,-0.045769955679415206,0.017676928099454557,-0.02647912254731878,0.01780137915115818,-0.09747934982998382,-0.12388950602281523,-0.11142127438521054,0.014522673173096808,-0.037100709434611204,,-0.016955546794668788,,-0.056727793312939555,-0.03754978223466518,-0.06414563688120381,-0.11362889979098996,-0.10848818943520108,-0.008216118829725809,-0.11066716641964498,-0.004309532805645517
2022-08-22,0.02203755055357001,-0.05832153595999325,-0.2577716021607229,-0.42545255073884136,-0.19104710744682382,0.02605646543877735,-0.12684271066723057,-0.0578265458616875,-0.17188221063916742,-0.3649961552282196,-0.3108415617137636,,-0.45559099030325595,,-0.33551677130784524,-0.18666388245691276,0.12062388964133779,0.07989262939669284,-0.000497488477218705,-0.0009604421142271221,-0.39323164050127823,-0.06134540737885272
2022-09-05,-0.0929853590344028,-0.02254192641769949,-0.07888786710550688,-0.08735993917908429,0.10240669601099725,0.09342104219163311,-0.10253446073635628,-0.06101773637535722,-0.023750721797345668,-0.11600432439939751,-0.08383619448285969,,-0.04947721711204973,,0.003433933593913288,-0.007684247293494476,-0.028939447557029954,-0.018520932754700188,-0.05956971180270766,-0.02189876687928202,0.07910982105723842,0.06347324730661644
2022-09-20,0.0220636455643165,-0.10100824701389284,0.10144074146700877,-0.0061989286226839715,0.00402458678834428,0.009457774971900734,-0.06717086754277207,0.002139154169921758,0.0243862514802462,0.047366503696356976,0.06973190814693311,,-0.2119632794341667,,-0.15428467573516869,-0.02976677526761215,-0.15148699765321527,-0.1197953541433787,-0.056986101107870536,0.07479852349547512,-0.08134546146296749,0.12229123567087317
2022-10-11,-0.19911056944008257,-0.16810395932642722,-0.1826668920234594,0.008870880516340916,0.07055944184714964,0.026797045741826203,-0.13872314342365696,-0.19413157135172257,-0.18958349016102788,-0.15491010687912068,-0.2070868490604615,,0.04536992742423984,,0.18186835515081082,-0.017898417201040143,-0.04040906608803578,-0.1024520667545648,-0.13287055382165686,0.03505898304900932,-0.14355581586741276,-0.08792729167452501
2022-10-25,-0.21790188999135485,-0.1618000566456105,-0.18631786221405697,-0.19853133460889577,-0.21505774630243732,-0.11436953569394917,-0.2069477544618174,-0.1923319678846594,-0.08446191741939604,-0.1237134680047252,-0.1564534533334462,,-0.011581885620765144,,0.030686422676695205,0.03610066652242289,-0.07997038443685635,-0.09947036384464038,-0.16660044542313956,-0.00037011855392519804,-0.05187556385854925,-0.3000500812082729
2022-11-08,-0.14578515520532384,-0.09648974910357021,-0.03884030852425838,-0.014171443306965393,-0.30159453366961075,-0.12016858653247886,-0.011066302490849072,-0.07517609713431121,-0.05544274322460427,0.03290672552961098,-0.023215631641763948,,-0.2282316876038844,,-0.16378255634174235,-0.05960293205596354,-0.03409530626120999,-0.024206522967213394,0.0009863940523628864,-0.011968256678995119,-0.20307165790739407,-0.12039483259769726
2022-11-22,-0.13100121146720362,0.02239934573312659,-0.034825359924257004,-0.11325316282459921,-0.281835491021432,-0.06126718986234908,-0.11489097951386887,-0.003371142114746217,0.04090767549898076,-0.28741596907115025,-0.17039768296491628,,-0.1368920921538821,,-0.007043726376125789,-0.08098800329867603,-0.07465160689120033,-0.10063989596413263,-0.11969340542800645,0.038344081675245875,-0.04418473055172759,-0.11254106090280099
2022-12-06,-0.00718395112360003,-0.03609672021273088,0.001367730337215787,-0.03870067804574678,-0.05022335492284418,-0.02082596442596663,-0.005235869919022842,-0.01095001729660849,-0.024493823656010594,-0.05866515868472005,-0.04702528081162084,,-0.03969385628819586,,0.0075173227954405,0.027967750289839905,0.0532374140377083,0.08732581787447612,-0.025267984077126996,0.02004967304400348,-0.04760111477092056,-0.02851244069667856
2022-12-20,-0.11236804469754859,-0.19766601732782405,-0.15657818120730757,0.13259602642767518,0.12485286047356124,0.043698115997717474,-0.12902521963747948,-0.17715622047852767,-0.13450748884242025,0.07503300111796361,-0.07766944460830362,,-0.01146560076335266,,0.07058370283889308,0.010003330503987828,0.1011288274303311,0.07375455294195231,-0.11231697287739495,-0.0031040083931763605,-0.020381542803019417,0.08627386735931056
2023-01-04,-0.24550155993277645,-0.1769105504288715,-0.26538302527933316,-0.2512568099033586,-0.26314174864153717,-0.10584074280136907,-0.2703746857979598,-0.21353944839124994,-0.1273616412347922,-0.2228661774699984,-0.24026976326707902,,-0.1423839300518529,,-0.08414415797908542,0.016839626162045127,0.04800304577030682,0.032252634382041144,-0.19423695727452378,-0.12096402091687211,0.0152229513555283,-0.18773727665100395
2023-01-18,-0.02117530039780405,-0.023296227728584317,-0.17211722628914147,-0.21579136973214713,-0.1722021466552196,-0.14840802187937932,-0.1494393389676604,-0.09003888299862833,-0.13887797313486763,-0.25623999563131006,-0.22063697497957385,,-0.09875868856479712,,-0.1565632879793689,-0.0881644587633291,0.12517101676734335,0.10331652348852809,0.0327818895384522,0.06398305039691093,-0.31799488604195025,-0.2572243098357414
2023-02-08,-0.022161304173948022,-0.13324869507661546,-0.15131149044320305,0.04885301633878983,0.0625956527386733,-0.1154116747531623,-0.05760040377238234,-0.11334398816476053,-0.09123253207514745,-0.055566995135873556,-0.11512728219768298,,-0.19007409043112247,,-0.14087576561718212,-0.06633193765428141,-0.08420019808448514,-0.07793607619697755,-0.01888824750713838,-0.03409223175176712,-0.16033907851459694,-0.017078640571892366
2023-02-22,-0.08295798050682157,-0.08546120417721709,0.0012628158233085264,-0.10928590963100532,0.08464254266284994,-0.00890563830339158,0.0051667636670341185,-0.04660979716858044,-0.029797063373685873,-0.0458107541825835,-0.01140045970531697,,-0.14584929864632692,,-0.1430379394915983,-0.12802393191309128,-0.07465581260364891,-0.08380267662942821,-0.04841901127119914,0.043354494801296946,-0.12967041783607072,0.0869266787423361
2023-03-08,0.1149281996216386,0.10878645463938028,0.09187512774787022,0.12206896702727853,0.0809624128545435,-0.18897982647678438,0.1791142506694751,0.14472460234977824,0.10540137143669459,0.17302172328770649,0.1353089659793445,,-0.006537874189277649,,-0.1628737519158905,-0.10789954388574345,-0.013161630623591353,0.05227979481102986,0.05614826955356354,0.037494659292599326,-0.1303041218483283,0.10046567791843485
2023-03-22,0.02428016973169183,0.09992989655337393,0.1362417820564289,0.1385765356812121,0.15250187015908712,0.008217126018201156,0.12355324574949439,0.11612131214646121,0.14776115830816802,0.1291623079772728,0.1694014113450899,,0.12413986545848575,,0.030157726111559674,-0.00040784436270986283,-0.054107037986730416,-0.011332510551662919,-0.007318996038110651,0.0011536970205426604,0.31380132275982997,0.14275902505902927
2023-04-06,-0.026658181084455675,-0.03316890258912787,0.08257331492406073,0.09190981987109195,0.06988313160519496,0.05047435971414247,0.046521164698609854,0.002129907627314997,0.013264707428502158,0.16617454023199887,0.1088031688892528,,0.057227299784308,,0.04331897383919283,0.008561129268547624,-0.05751347317253238,-0.07272028242728892,-0.04062836581975167,-0.02829967958569875,0.030411972406334024,0.13373452543844733
2023-04-20,-0.0899963550736901,-0.08573182094214683,-0.1535102751574991,-0.06490969441679814,-0.021463905991983542,-0.1008193212026505,-0.14365979984737093,-0.10192287684408399,-0.082326911880231,-0.0720866388791326,-0.12691525191031797,,-0.2834151682045886,,-0.10692153013990106,-0.024244292978859782,0.019450180340057032,0.030667222862233008,-0.10008048953651918,-0.10360288383573289,-0.25464726439040786,0.01558142691924181
2023-05-09,-0.2812247573858988,-0.23221708734709795,-0.23510236867281237,-0.35529741996315306,-0.33589492235725554,-0.05202936987299142,-0.31390531345066935,-0.2603637935896013,-0.16415506515329956,-0.30141850318015107,-0.27475839263677726,,-0.06851580228693027,,-0.05096246473743849,-0.019257304191605287,-0.13742039270684667,-0.20590154307659417,-0.18528055090821974,-0.07515319248049397,-0.39183166674759545,-0.3091401512341442
2023-05-23,-0.0049553930286783945,-0.12886960033054837,-0.14294667796202254,0.27029193155045456,0.2714694610298854,0.28530971191292875,-0.056601780812590236,-0.14879647168739382,-0.06110277880349155,0.17402176317937515,0.027574560833283263,,0.2817041909145839,,0.25260134260066947,-0.07121624051502817,-0.1459010584767436,-0.14378924420888786,0.01006738800257217,-0.030561619157800087,0.05723644298144942,0.12192339756027075
2023-06-06,-0.14199901209778462,0.011564877397171774,0.08885093656292395,0.06512214464137858,0.14869958227244953,0.12200688194227077,0.02483245081493749,0.03141771948754563,0.1664898010087878,-0.013629784542882648,0.09138942358290611,,0.16252773127888995,,0.18575195247318793,-0.003972726562332274,-0.12996012772538645,-0.08882828750179371,-0.0862926949279188,-0.0006422660457451804,0.21351146439735533,0.01972109228909734
2023-06-20,-0.2058964823690266,-0.21269942977386755,-0.2666855734757652,-0.21790537152456765,-0.28086100548126475,-0.19750934886629334,-0.21162103701353396,-0.25506829375184004,-0.23183281978507,-0.04343432566705961,-0.19577996743041973,,-0.2739647194660115,,-0.30510265781881196,-0.015505088816416377,0.0029336301846007414,0.0008015048134090514,-0.13879660636205815,-0.055895187798180486,-0.4580778861880352,-0.21553332796175081
2023-07-06,0.015061370564199235,-0.06652581018847525,-0.20096644453137996,-0.17504342308387327,-0.2549257951697507,-0.1581473355175167,-0.10320441544602738,-0.09870235124614356,-0.11993275091008544,-0.2411733050413797,-0.236706134350585,,-0.3597723294148946,,-0.3486373721165104,0.005181811150652165,-0.07113153365598823,-0.06273369019690091,0.06815314208099522,-0.09169858156790409,-0.3121200917969982,-0.08647166678835536
2023-07-20,0.09762690806902173,0.07016173787247494,0.014456175331311437,-0.26138637774174517,-0.3652668016368588,-0.2910648974115774,-0.026087679679828276,0.08584413836873386,-0.02868470971290188,-0.32498585036461497,-0.19836367823599516,,-0.3811112031628847,,-0.3241796179809812,-0.028690507506053405,0.10918164628450239,0.07535497345659196,0.013998405535620862,-0.03945833414803875,-0.1514547480968736,-0.14944549559239076
2023-08-03,-0.25997738721463304,-0.168744937678664,-0.09613821392685905,0.022017082347802655,0.13755354241280265,0.17908229829609026,-0.1647640275317061,-0.1895902771313671,-0.1357222170018442,0.03963287600611753,-0.07680886314737444,,-0.011407102454642536,,-0.01952766571338692,-0.06376728716164097,-0.019389288790537286,-0.0644880951829581,-0.20182957962800024,0.08278885850150931,-0.19882961989609724,0.10126814897070069
2023-08-17,0.041679411466221936,0.03778643380628929,-0.14503585247884618,0.09937392158099444,0.21346915920547052,0.16274529804064383,0.016276834346781788,-0.01579320237458392,-0.06303857872410423,-0.04627981835105481,-0.09608990234292346,,0.0828207999988336,,0.025867395277050738,-0.043778927553820776,0.09972323069346384,0.049555308207307414,-0.021238685994676897,0.007729619983180017,-0.137094598462266,0.11625193087496453
2023-08-31,-0.0863996031229331,-0.13352290807486022,-0.1993108924510337,-0.06627212128295858,-0.16488669551233814,-0.1257698671778362,-0.15906057444803884,-0.14306570413902514,-0.1251947866692586,-0.04994615777407872,-0.14848716860862024,,-0.3413934035899857,,-0.18657234517383237,-0.058130039767281004,0.0379333379714513,0.04058507856199681,-0.029789132328434352,-0.02216654911078784,-0.12780059446668418,-0.039124704960503374
2023-09-14,-0.07325611645107018,-0.1280344745846886,-0.02149037012859436,-0.07752951701193052,0.035556826056836854,0.10437331434796826,-0.05487413120028977,-0.09101762184439242,-0.044238282691968236,-0.003716987265823135,-0.001406773497544856,,0.04590025375825499,,0.0055057600003949984,0.0711602386908127,-0.05795152012656262,-0.03813603882749941,-0.03273293732677798,-0.027187600154775136,-0.2054053681090593,0.007473522641851264
2023-09-28,-0.09049181906411698,0.004680264733656101,0.1609775630554488,0.07567202310979294,0.0032075736977218595,-0.1348458690402347,0.08474464215155439,0.030640992033609125,0.031484318911915804,0.1289373581519766,0.1392623488996244,,-0.019410595782414112,,-0.07855323809351598,0.02073561660146455,0.07305748659934184,0.021172473319031684,-0.037485215287713904,0.021478581350230983,0.014797996057353565,0.09935413205606548
2023-10-20,-0.10316045209368892,0.021726806780714262,0.04027872350472646,-0.02457032451914783,0.008724011067815807,-0.02592988242444505,0.013604897012767537,-0.011425908060221895,0.027441553167396927,0.07113202117596812,0.05828932505941058,,0.027904264646569657,,-0.004424974596896735,0.004483763583240948,-0.08822474586989743,-0.0987176387708179,-0.07381157251282676,0.03969590566129159,-0.18987640119644458,0.0011340018967324608
2023-11-03,-0.018368493380773218,-0.07396146878681939,-0.040752482708330824,0.06899706212952844,0.07792038584513392,0.10282057746321384,-0.041415316503388463,-0.09982698751027079,-0.13915949417379134,0.04394614619477282,-0.042818336684254846,,0.21589198939868692,,0.1766247061615788,0.005478706643831962,0.10896947608190426,0.07636848481650008,-0.04630163039442104,0.06720722148834513,0.03932397640327706,-0.10070727041813073
2023-11-17,-0.040452831295140344,-0.08990940587492391,0.05719939873471795,0.04234356450703895,0.010487715509035737,0.08582432493669317,0.11273346741198405,-0.0020099886837303942,-0.03354636710345727,0.05356278501293197,0.03319687682917075,,-0.20729941720505354,,-0.0668064453937568,0.06724082781796877,0.017920122036059204,-0.001017908174325042,-0.027423835344912807,-0.041883458408169524,-0.2504255256574756,0.15437991290648986
2023-12-01,0.1359490795043933,0.16958905141090547,0.14655210853857625,-0.010404099233092304,0.012598993997728139,0.12953749269634254,0.19597118976993919,0.17675467679852794,0.09035214795054565,0.015965261564546904,0.08421480823287643,,-0.13021243981900557,,-0.13097447742550256,0.030162052406704824,0.0813746967852747,0.08143603865072585,0.06860718601913386,0.0658542293891934,-0.1389041729392157,0.1386929390992611
2023-12-15,-0.07661498260874776,-0.22378743473543702,-0.19774668455870498,-0.12101426110173376,-0.03658368893419595,-0.1388067181275569,-0.19567636896577656,-0.16138128257301798,-0.19523520483886173,-0.14602891345959998,-0.20089678583666612,,-0.18873629902711964,,-0.045750150686399704,-0.035306278818720484,0.04762172558111297,0.038946908143966764,-0.05398129844952625,-0.05239756049696686,-0.1425375562463898,-0.042883440838327354
2023-12-29,-0.15200372224091083,0.1082496967201286,0.09102194831319253,-0.054498728508507906,0.05525570175967674,-0.08724630064044389,0.043716548495223766,0.014122824288302714,0.09964635732175756,0.04743023289836616,0.1316337226411859,,-0.3015042538300041,,-0.31648937011892336,-0.02712445141336757,-0.08691305362327785,-0.09605096456162164,-0.08999580715484554,-0.05792133041878806,-0.3528361442970718,0.1480683829406116
2024-01-15,-0.008498132819184413,-0.028710651626836333,-0.09457315979265023,-0.14861560193482498,-0.09348574167710158,0.020539539286440506,-0.06368230101755727,-0.00013105706818034813,-0.028977364984969577,-0.07610134330995211,-0.07585129618688055,,-0.25870555507915494,,-0.11506205071663761,-0.18761830666066115,0.037565473942111086,0.01713471855006454,0.024553809201474742,-0.03349044609683822,0.14633640511086418,0.009430322372735535
2024-01-29,0.1326006868669815,0.3371943413006016,0.12886516195122752,0.05669136461043061,-0.09834379846534347,-0.05956490041409216,0.17651785082459917,0.28198652475661923,0.40056763079623703,-0.044657831536778825,0.1760814939955797,,-0.23609681866153762,,-0.35076792677906443,0.01430292842406227,0.10441063740880409,0.09065035306721864,0.0798321677389747,-0.08327661532169209,0.4698691876231833,-0.029261577151671204
2024-02-20,0.0738647735290949,-0.3595272483487172,-0.3598011123440803,-0.42781586343452904,-0.17325654543138508,0.23455249334037923,-0.3078464499838691,-0.31304046465849966,-0.3963851330782104,-0.4568651455982577,-0.4344396612046343,,0.4261456000664431,,0.4163997182106452,-0.14475001890574543,0.25062614877760336,0.2921490580187691,0.05734673448203028,0.17739028510736413,0.018475132293224207,-0.32290110612376843
2024-03-05,-0.512282355046302,0.22830825519403117,-0.4868135512967677,-0.5113480776587572,-0.3571304330565316,0.0030776714317322543,-0.4615880778710618,-0.20894086036943424,-0.11802499489021194,-0.5309594121103204,-0.5205544225034585,,0.44321646973822315,,0.3211819403196131,-0.3051009111748393,-0.31433856568761437,-0.3350966208333356,-0.17654396649907436,0.07211473473105333,-0.42680193297942837,-0.3108445405133678
2024-03-19,0.108297961694717,0.14278634833580825,-0.033267257102074024,-0.0709164224597866,-0.08564221905141792,-0.006328785231026289,-0.012511421605409558,0.07781958346143972,0.04267257734341149,-0.21388698278695828,-0.20877878943159667,,-0.13914859408519908,,-0.06598467076321127,-0.15027067671560818,-0.03613762820582289,-0.006038414008931826,0.072330252536985,-0.10087607518597444,-0.35842917482828485,0.10787875518635043
2024-04-02,0.06094581481118377,-0.0741039372923107,-0.2059172929405675,0.4211513212592339,0.26462273353505006,0.23457549046392479,0.07460781577722848,-0.04327877812767804,-0.04356546980495263,0.23277549591104135,-0.08860382934645682,,-0.43310340709053113,,-0.34786272103229565,0.13122241687817468,0.12095271887307245,0.16105911328864173,0.022264325658216486,-0.016406280901817543,0.11958666252112927,0.3621491205743718
2024-04-18,-0.3879899177017636,-0.39176926825724395,-0.34126194487874334,-0.44965679202941355,-0.3916431433479149,-0.1571708275183495,-0.35108724192060675,-0.41161381105644335,-0.3927752891317541,-0.1717230595102535,-0.3253400864966928,,0.298619446842639,,0.2329453135023698,-0.062100011503626186,-0.166080014880139,-0.16358013360288368,-0.26144420780229416,-0.17180718905793957,-0.3114779818965143,-0.337269249179447
2024-05-07,-0.038601652440020805,-0.04773370857944694,0.1841683119046356,0.03172555822453261,0.1250932541551247,-0.02668184642947953,0.14827306466257867,0.04333593641995256,0.05143409470613905,0.18079563105689203,0.2101440089704947,,-0.08766556849973507,,-0.057868792271570976,0.02150687778889276,-0.06410619530612338,-0.0912698907091489,-0.010674103938660124,-0.002079992236798262,-0.028050198731146975,0.15309766952425616
2024-05-21,-0.13805023468579097,-0.06708256092178538,-0.11300673185356759,-0.06320354539200852,0.1509188293725383,0.15420994479014805,0.015028775895863548,-0.08778547441986304,-0.12222942359408705,0.08661585691023221,0.02308462071110799,,-0.19630468027128217,,-0.1753882836976895,0.025404174459266134,-0.08162475579735139,-0.11355952220843937,-0.09972819876865414,0.025503838265182096,0.17564118379551047,0.17048658586676452
2024-06-04,-0.03800746689401902,-0.018574719180424522,-0.068790833282628,-0.1315005307601405,-0.18016820658236643,0.008789220579828661,-0.01873902520883178,-0.02895510663022391,0.11803104517751598,-0.1536692343191199,-0.014004821177051093,,0.12033868276664011,,-0.047626225757351405,-0.017003263081443988,0.029461250759645365,0.09202305991160938,0.00769994561621688,-0.049234397261568606,-0.03789820938782242,-0.1291011884879529
2024-06-19,-0.05253059978171492,-0.13075289451695168,-0.15563335404142656,0.0010294633865425616,-0.10710631615474543,0.10186455699475067,-0.10122659196065917,-0.10797108262069997,-0.15388966537244697,-0.04571119636201272,-0.13115431785051193,,-0.1090932405473307,,-0.013037071438748776,-0.026463857348367367,-0.09994443951248286,-0.16836663041731587,-0.06333232759704381,0.05495871675581858,-0.2592229198215679,0.020469665990118086
2024-07-03,-0.047953704851356874,-0.1095055138608653,-0.010164089144406047,0.05502376590167466,0.08319516566244689,0.054771971668311006,-0.0712817133251657,-0.08526580752285044,-0.08750738676405351,0.0898322671047611,0.02335479467057049,,-0.22194224028273665,,-0.06247546250460927,0.0661510894287239,-0.02809396730292827,-0.04591181038543345,-0.030932208686155073,-0.01552403407081125,0.19642300228332385,0.08391304175124573
2024-07-17,-0.1000923715596873,-0.25389371806665817,-0.29967426205824943,-0.1629921423770753,-0.34649877498887727,-0.19938641246102207,-0.24439348447994502,-0.2679702780241088,-0.25129908527039874,-0.17087326802492653,-0.25835421000876724,,0.1092723960049743,,0.0398636172048616,-0.06609970883255385,-0.07992888707931421,-0.16768672770483195,-0.11428360400990624,0.003579982144830667,-0.2191493072805397,-0.35508466355777957
2024-07-31,-0.003478987771153612,0.00029372203856217397,-0.09476992819591226,-0.1122778417032391,-0.25258436370270876,-0.07852344555863382,-0.0056802947544980975,-0.016917242222481668,0.02850179063030826,-0.08316034320328271,-0.029302083159695444,,-0.26228132683580996,,-0.2687698260732358,-0.11230326923050246,0.04471426975575217,0.05239541135102294,0.04520098663700388,0.010287764410714842,-0.3937449136262435,-0.04783350359185861
2024-08-14,0.13176816114237516,-0.011804542518401852,-0.09802007556016828,-0.0016651978468060445,-0.029092712005339333,0.09863047304768592,-0.015128857627976616,0.0321410531318843,-0.030006200112616975,-0.030871786625794675,-0.08006333812166642,,-0.18585020900520968,,-0.18231595685518864,-0.09796829860233564,0.05358638385687717,0.04434590366398993,0.0690638465439189,-0.07224731360864303,-0.13084530037592465,0.07598512396669622
2024-08-28,-0.12394458272147856,-0.05885394078398813,-0.13167302543093634,-0.12480830386662904,-0.24122006194703988,-0.15267640479039016,-0.07351102549227417,-0.11529423738681302,-0.11297241915518015,-0.054729491739961264,-0.09245353725028693,,0.02357441057251306,,0.032813337488822585,0.04380526905911728,-0.08167223431763489,-0.06087231054871394,-0.05212843826217088,-0.03582663247355543,-0.03400849694622649,-0.22855375936341613
2024-09-11,0.0019452771864949831,-0.11658796177291281,-0.19267547368377377,-0.2988502050180386,-0.27063210658164183,-0.13945648572587838,-0.22778810359934792,-0.1466367348956134,-0.14953063385522466,-0.2836595305149049,-0.2896148288135817,,-0.007478169274463142,,0.0222876033704889,-0.0697105460396887,0.014472889013298991,0.03164335362955188,-0.070943611647416,-0.03247119094091898,0.23969969000550628,-0.20456537829087512
2024-09-27,0.004778453641968143,-0.036177971273555085,0.008417291866067739,0.12656395202126006,0.1278805257390147,0.0013797037498751025,-0.12392779861033003,-0.03497189063189568,-0.08530659780490903,0.09116678984971215,-0.006080713690044924,,0.15992967999026067,,0.04292977356344837,-0.05637839814033694,0.17206350231035852,0.1579475331344745,0.023625773261022245,0.023367718537340914,0.09350045905397097,-0.014854932379132038
2024-10-18,-0.17651693316056546,-0.2594880886299349,-0.21391350655304775,-0.12803321111602736,-0.22880713351916798,-0.06007905732841942,-0.16245508045061377,-0.2509700441141889,-0.24605015350779183,-0.09897289192906365,-0.20797107613825747,,-0.2562611363016,,-0.25065911302939786,-0.11400451680206462,-0.03943836336583689,-0.1506599327656174,-0.060654045689154654,-0.06355263796213678,-0.10702167071063427,-0.15724505958158277
2024-11-01,-0.3525848521638456,-0.26635037664537153,-0.15328577685086098,-0.1462962007711134,-0.16808154055824978,-0.23918148827745536,-0.34054184160579726,-0.3602181740181194,-0.19111006105557474,0.05020173030439835,-0.05449920904534577,,0.16240851556203023,,-0.021037430455070148,0.06034561689367933,-0.03457420748473746,-0.118264145329174,-0.2217409510968267,-0.13155847966826922,-0.12088337734367817,-0.3414750985620452
2024-11-15,-0.026751052333639266,-0.009665597064285606,0.018409558872956776,-0.1300793553835744,-0.15209878197853682,-0.23289177973971084,-0.006474993083760434,-0.009074837356346597,-0.00717673829292152,-0.09110936931580589,-0.05630895736667563,,-0.12685116028558763,,-0.10144688062355682,-0.07319023909251991,-0.05688398893295557,-0.06464032211859413,-0.0782745570857938,-0.032792867578118355,-0.3680882860383876,-0.14461103092209826
2024-11-29,-0.0022936330807482655,0.004124455411452855,0.027741175632218944,-0.061789087109061495,-0.017612860604025418,-0.14587820226679332,0.005342457017951338,0.015352653428991636,0.028409367516282674,-0.04256563155059686,-0.01285381188015114,,-0.03845702725000251,,-0.08787238183113631,-0.07609623483742761,-0.002219618143253994,0.013241086479203525,-0.01639997020767037,-0.013796853063257727,-0.20144647632750276,-0.15038538871175638
2024-12-13,-0.1555798694871388,-0.1877434093649618,-0.275674994492533,-0.2963195392419412,-0.2809506625450327,0.27492228159632015,-0.24764604180109417,-0.2194336366793787,-0.21792547689858346,-0.2940036574869381,-0.3079786362267804,,-0.2979013472324904,,-0.30746384246905056,-0.016773274909081343,-0.004456077824693019,-0.0037620464278130023,-0.03111978707221901,-0.09918014463423629,0.0819692660557961,0.07451521806001364
2024-12-27,0.1024563498540593,-0.02787588250802249,-0.06066046352685139,-0.19145298321886733,-0.1704395343917597,0.061171152532450715,-0.06367306352053992,-0.018871528594438917,-0.035294054623489376,-0.055567284230026756,-0.08447767876212879,,-0.2328656409052475,,-0.09775226319976413,-0.056528806184517826,-0.01071926139109588,-0.03965179726575203,0.043188253581047324,-0.08277335239125337,-0.16984019171013098,0.05422421447343645
2025-01-13,-0.030817179070147565,-0.11163357624300616,-0.13135261196235423,0.03127936698140726,0.044449396199485444,0.05180514679925037,-0.052713508499605814,-0.14921607450448715,-0.10615646640596467,0.12380120887802261,-0.04370523389864006,,0.10864183292111128,,0.0993913640627963,-0.10347685891451229,-0.06233298127600833,-0.09646839781807731,-0.026337407242275443,-0.0257199613988185,-0.09226143081581886,0.012104548432324584
2025-01-27,-0.17221099887959715,-0.1198698158532488,-0.24433384950293086,-0.08816791425064505,0.04164255753172102,-0.02805755161439068,-0.2297259683640608,-0.16667792691662436,-0.0555419737121098,-0.2423490009282409,-0.2192645455264252,,0.26020374423920806,,0.19887774344477666,0.004027457260911749,-0.06979591852216248,-0.048416956670211876,-0.08400957810931843,0.015122222136669508,0.08253440504816185,-0.2683464219884842
2025-02-18,-0.06380431866259126,-0.025744291491164507,-0.01287411466219872,-0.05373879730401646,0.014275751146318835,0.05391473174090114,-0.04265179897627875,-0.05352313391055225,-0.028674200477672083,-0.05218729905421907,-0.02366672736461762,,-0.020625327538203085,,-0.0707303292147766,0.04113545578258909,0.025467383991914908,-0.00906812148390295,-0.04355948364799629,-0.07291328863244557,-0.1692170703682893,-0.0126153658071056
2025-03-04,-0.09973961094174737,-0.0170897540486482,-0.09972436961078579,0.01959506587307178,-0.03768973087683854,0.01892820461960118,-0.07230298980164197,-0.06913208260019292,-0.039753073961405205,0.006174243953384698,-0.04297174938022622,,-0.04027385325624492,,-0.05369240098447925,-0.07900463577239965,-0.10867854439831347,-0.0806153130406727,-0.04129904364974913,-0.03088302795721249,-0.1331808327681295,0.013510044837077217
2025-03-18,0.0047740494599736606,-0.11912855340062266,-0.18479694883959458,-0.2329186620968672,-0.44943500028431516,-0.1864186866800785,0.0316539589260565,0.004498258207787356,0.016275707185630144,-0.37243454985109653,-0.25091665147803843,,-0.5237072972986914,,-0.385166428499452,0.05544565436484435,-0.02964579152460641,0.040441170836800815,0.020050929557130184,-0.07522398499647405,-0.33286756258180056,-0.061248239512071555
2025-04-01,0.06152915015193269,0.10809851423301492,0.09929906494720449,-0.12369734879073449,-0.14183778734457714,-0.11432623712072143,0.12097702676543157,0.16151822249701722,0.16256349225032907,-0.13849012933050783,0.07904199007987321,,-0.20170404546051848,,-0.17855164160003348,0.05591073153291483,0.052070531552917035,0.11831546939498463,0.045552484349492245,-0.05883552210519735,-0.12243301784903589,0.020123661824479232
2025-04-16,0.13407778532691314,-0.3914937923584059,-0.4171328295950916,-0.04913189801128584,0.06080609565794785,0.2651419555065077,-0.30252218745337034,-0.4053598892443542,-0.41267410003830995,-0.13400813079863433,-0.3751740518465896,,0.21826109476920144,,0.33576747229352966,-0.12144284245012646,-0.08521811735397163,-0.08635941558681239,0.1751336571955374,-0.278167895547003,-0.15996029469562195,-0.183613104629267
2025-04-30,-0.01194984064776214,0.019821240879572936,-0.09398816824842315,-0.04338838601014605,-0.1143459374370023,-0.07898447809022655,-0.022329499571359917,0.013156990594646431,0.03424509584747653,-0.04489662149664972,-0.05945385909368996,,0.15274198986801582,,0.11134290369702665,-0.07347914294901685,-0.07456499147501895,-0.07838416066192175,-0.01304984605405047,0.012773742662021281,-0.2820312696604928,-0.08997496612919367
2025-05-19,0.17368388026500273,-0.0634127689470427,-0.08195604589540414,0.03776124228659916,-0.11411152856221701,-0.1335421267420827,0.09349755125674909,-0.0050142581381680375,-0.10244002485901042,0.157160933904286,0.0051446182342209075,,-0.20205155672667677,,-0.18773179371834628,-0.07064984717510228,0.03710982213744181,0.0334717336146506,0.1252158051323765,-0.07537462792880062,-0.20213084302121498,0.08118170070431895
2025-06-03,-0.052286333764194094,-0.08757271347007674,-0.045805074603900986,-0.17483846057089097,-0.15309576064523409,-0.020370191432857943,-0.07692603665885459,-0.07938254126829934,-0.09256204928051333,-0.12942876240589396,-0.09543733038826584,,-0.054005992846998634,,-0.15844330514623753,0.005125132197811682,0.0031616035560729982,-0.01767777631359745,-0.047837222559052484,-0.0031969557241284044,-0.10899277321160927,-0.12140379962712877
2025-06-17,0.010925726326409292,-0.10322090362863928,-0.17084820853633742,-0.2546967595992792,-0.06508578013895859,0.03598637756290215,-0.09579466253191969,-0.0794084123772254,-0.12487405922764822,-0.13156946891183513,-0.1752760181015211,,-0.10631315852590999,,-0.14479845718779397,-0.06692493369840985,-0.031709833830426644,-0.04788862909002176,0.027896236100986002,-0.014838058467935044,-0.11349374722189168,-0.11748248096364373
2025-07-01,-0.07442390723709243,-0.12916263074808632,-0.1261654193908178,-0.1627507750605591,-0.10592213345455564,-0.10827991170818195,-0.09413061504164762,-0.13551368653756068,-0.1164057444457076,-0.08941323018871962,-0.14640558162632847,,-0.2026323090132129,,-0.23369371281213733,-0.070534084871182,-0.06939759778543725,-0.07251840878243097,0.04124520186041015,-0.10346490379289865,-0.17241806276074426,-0.0457865215872575
2025-07-15,-0.014594580937219064,0.0018692949601323405,0.04555899732728966,0.007066660354493965,-0.047453618430779554,-0.09379383232631334,0.03419110824370742,0.008212357395544108,0.03514676328613676,0.03143211647532023,0.0542164311322418,,-0.013795432824203544,,0.013390274849827537,0.062061035548838725,-0.005993886102748592,-0.04227821157505415,-0.022219198714035666,-0.0008313166253072247,0.024534698817376275,0.006231496821727641
2025-07-29,-0.02071960400165273,-0.031993408419679736,-0.09882266815435092,-0.02692699719827354,0.016750389736167017,0.09905945593664096,-0.045318681499140055,-0.07489791646889903,-0.10601376355794737,-0.030440628170655144,-0.051745856275407995,,-0.048180327429927165,,-0.09762635086647563,-0.06397430792183885,0.017894413747250794,-0.04366447312450531,0.028661065722834524,-0.03233037119873302,-0.22829677233868895,0.013630866938759605
2025-08-12,-0.009279056953603048,-0.1020895063734782,-0.11004515368657546,-0.07549117431333464,-0.11758265509614572,0.14778693678729862,-0.08788976630546264,-0.08793406653001719,-0.1194134931964127,-0.039580251867422526,-0.10611944826190356,,-0.007858100730907423,,-0.0699994482500303,-0.02064798821522266,0.02692562369365043,0.015559615555865972,0.03439456951388889,0.025580583517409168,0.22840330571661052,-0.14913806260797005
2025-08-26,0.013047085636737512,-0.039235858430131804,-0.08437911152002436,-0.1201007471327942,-0.0488381345472148,-0.1635297706674401,-0.009108770146925765,-0.035402946696495415,-0.050764567968615865,-0.12085668230515463,-0.12047297221437726,,-0.12429686946953587,,-0.11249751146900604,-0.0249760328737435,-0.0010615586484144944,0.009918821062210738,0.026240289202879442,-0.05157827209037293,-0.1253749672563507,0.01582589160719548
2025-09-09,-0.1985336881514761,-0.14107676105540995,0.014647858379890336,0.15583791029964852,-0.05913635144326719,0.14021745782732328,-0.08154606503274199,-0.1572561640961283,-0.10503929368338868,0.2553272749479908,0.09696271829443892,,0.22935074693793164,,0.18496500996620344,0.01706946440660394,-0.20132563076209142,-0.17532691783331755,-0.18181752340966564,0.08992341304061954,0.18584405012237099,-0.04306164890912519
2025-09-23,-0.1369765161321933,-0.20658207551100521,-0.14444956782385468,-0.18653063442514392,-0.09073676262048747,-0.12809300299579507,-0.2237079594744374,-0.19808519191730478,-0.22253912603014997,-0.1735518205262621,-0.19242956763957336,,-0.2540798151276507,,-0.21124554532192738,-0.06298783213489322,0.020836680858082247,-0.03303432549720705,-0.1274841953505845,-0.05688771209397495,-0.1494145641073406,-0.05790523115180031
2025-10-15,-0.11525163235954163,-0.08163270315834836,-0.04159252139212389,-0.012275595678587829,0.057739103438616476,-0.03070322550658672,-0.06738888457545719,-0.0960009510766145,-0.06683451607285365,0.004740183876256685,-0.029753981449517755,,-0.04634129515892178,,-0.036896544321322944,-0.06655743833048508,-0.020575132483546667,-0.05045362372393242,-0.0772931829271602,-0.017910150254700524,-0.09639853922328763,-0.0030428244664081013
2025-10-29,-0.2298745606810817,0.10018435512497005,0.10698304098515486,-0.21752506568376517,-0.18526974039533706,-0.25831214463878915,-0.05124634239276516,0.017153731421619495,0.15798771104190681,-0.1423749557355378,0.020962293001926487,,-0.3323501101460538,,-0.288511888478349,0.037795605504225574,-0.04881778055257774,-0.05315241819389277,-0.14196183235906742,-0.06046742358844644,-0.34890767415684826,-0.01178148650938631
2025-11-12,-0.20185862131830312,-0.2128427197024398,-0.17277330049095269,-0.2040934523374347,-0.097453202800852,-0.022910341081092907,-0.21983628998441743,-0.2295322364951537,-0.22729415482595608,-0.1860613368685716,-0.23547628050930175,,-0.10769817937598129,,-0.07910709915427454,-0.036377559369412206,-0.014562545944775745,-0.11429160063013125,-0.15076214518062794,-0.021266791810096792,-0.04632895871835141,-0.16801445221587155
2025-11-26,-0.037203973241182735,-0.15217121193927394,-0.19818228024383566,0.04347992931395447,0.12479044191079822,0.18250219816125224,-0.06052998838954955,-0.1292165365302854,-0.17881965752813372,-2.3338825013180127e-05,-0.12512065735079222,,0.06616482191644629,,0.11203214293367025,-0.017974837926070544,-0.008361498720291056,-0.026383668160198794,-0.005295408123674715,-0.019831469344415233,0.06193109529662746,0.0016553159028641826
2025-12-10,0.07617837073765678,0.0647005260721328,-0.06970410920808602,0.007765222141957921,0.06627036965525246,0.10048106999177489,0.0102820083807954,0.04317674394529953,0.02716308203088875,-0.07670989095693101,-0.0588050154184266,,-0.0668429372733299,,-0.060778603831695824,-0.08097637914005384,-0.007837824521454284,0.006754757813552786,0.04277505634351336,-0.02626387988053606,0.010086425809952542,0.04816411648837187
2025-12-24,0.03792831137879045,-0.028789080703500686,-0.002541517582206051,-0.07823389341040195,0.06277137875889324,0.060824577957990664,0.02573327842363854,0.017014194288974258,-0.023748271452854904,-0.09526201409993747,-0.05591068241083091,,0.16902415944518803,,0.1480809946800505,0.005569700675945388,0.07059801145583229,0.05964897766124164,0.03620869683781693,0.04611957387814945,0.11759684134604247,-0.14163083619045524
2026-01-09,0.02712207770262899,0.054842926599977165,0.07930476303958722,0.020775272309795763,0.0693123489320271,0.010363139546651476,0.07086822270269656,0.05833176044611442,0.08570269901002467,-0.0218102203670142,0.05548814005482781,,-0.04463097817398373,,0.001013682367671619,-0.03722343051327857,-0.032921486178526325,-0.0358839337561475,0.03081495500755446,0.02462764693687825,-0.183321876363551,0.12061916626154924
2026-01-23,0.08187252290626934,-0.0673741732156999,-0.19251444929511038,-0.10982061490489037,-0.21408732759377325,-0.1442752508322169,-0.020964702756506512,-0.08738774410009933,-0.048717055674309145,-0.2572262156527415,-0.20781170494682175,,-0.29117747754458007,,-0.21822540415869054,0.027085054421077,-0.0593369916772588,0.0315092968252992,0.10849565940901224,-0.03901443804387639,-0.29024978964976467,0.035231711348748196
2026-02-06,-0.21041564754411504,-0.047728859418927266,0.05782667373191988,0.14964959461169527,0.198360551283308,0.16456006137114118,0.0034330341639640383,-0.05110787191556176,0.018982858397593637,0.19987040400664974,0.15248537702040071,,0.15176179310193763,,0.09949195914455976,-0.12517698060454582,-0.177136381540016,-0.18105771580829488,-0.13995234826995712,0.09713849842608989,0.1530774345376602,0.10971143877078283
2026-03-02,-0.07777303560503754,-0.08714465162296896,-0.004698646728136128,-0.2564139274356468,-0.18963402436265883,-0.15499231624271975,-0.09936539797144678,-0.08650316697819209,-0.0342796321685825,-0.18311337391323596,-0.08979824458948482,,-0.2809469019298834,,-0.23574235176798616,-0.0195940381328655,0.03435477756191529,0.012555416676713128,-0.026401216150821683,-0.07107238580394352,-0.26291560288356436,-0.0281367612997656
2026-03-16,0.06090475385470815,0.1412979385478841,-0.0003474589082685626,-0.04074809126387628,0.0014216942958283538,0.043967315607946006,0.07876605314099448,0.09361593446991463,0.07558062221246337,-0.03804100661192962,0.030429669427815585,,-0.15278319347677885,,-0.11002832617862703,0.03292979649685716,0.03505927909345137,0.03239298634381829,0.058135051136658455,-0.0674137350028826,-0.10416620569084241,0.05476287004542589
2026-03-30,0.005945027105656364,-0.14617584939707992,-0.2181231258549284,-0.02913759891876468,-0.028033198006028073,0.148654937403099,-0.10848564737713932,-0.1382875468737744,-0.189230664928712,-0.09223894250388462,-0.17026305467623132,,0.1634070918692869,,0.1893381316674851,-0.00589681482882007,-0.03601721600788049,-0.06469268163443916,0.032747904167766705,-0.017396560828415824,0.0858837777193753,-0.09952761964131199
2026-04-14,0.04014495368637953,0.05864913730768549,0.08227685781042385,0.1572463598309501,0.1154006174657881,0.04251663456807076,0.10130784738017205,0.07281545697573814,0.09398184734070522,0.12480788786966195,0.14282120147412086,,0.06837331681276733,,0.047911078569664416,-0.03221219187771951,0.01378209525408249,0.039275096044926495,-0.045031513176685724,-0.05242512788895302,-0.05012214385717509,0.1722133621957292
2026-04-28,0.009753810490586975,0.15662380701423972,0.21979780647674496,0.060134580680431066,0.13192731167563235,0.08388876924003821,0.15323823460532998,0.15850823421877558,0.2322902638147375,0.04520908485025734,0.19235592271775537,,0.2248050492665629,,0.25900025007660826,0.06727395384780717,-0.032482021608737824,-0.025373353685148082,0.041993541161394934,0.04507074351562557,0.04787202105330937,0.061021885342563725
2026-05-15,0.08364075140750349,0.03137164007411885,0.03689539096765691,0.08003091557216233,0.0038365715949116156,0.04241975537687498,0.008430908338414197,0.04299695340505443,0.05530866955058386,0.07033360885893372,0.050340627356125114,,-0.09751401106884094,,-0.03321284992234934,0.004221013580592579,0.036790260386501655,0.03235365222035552,0.034329550913905785,-0.07691153909008103,0.06661513610356135,0.14905218279182186
2026-05-29,-0.02947777285278648,0.02302246033023053,-0.05900405011264388,-0.04087994398170203,-0.005739903523088508,0.016450871281690396,-0.07430946345356547,-0.016120102713418828,-0.014915417098626501,-0.018851758978617135,-0.02678258755238034,,-0.12202761811284941,,-0.01916419281361853,-0.04658376595546993,-0.031644206435709865,-0.03215836202815436,-0.05910272433044046,-0.02679054414117607,-0.05527136632408566,0.04047614024584022
2026-06-12,0.10302185253534868,0.04363865412585472,0.19152744687907133,0.31988053256408544,0.29620876138594443,0.20624830330991448,0.21717060404828606,0.11927433805690761,0.11652585646149652,0.2987728173417958,0.2457167539386072,,0.20049237911777312,,0.07640479443563918,-0.0671352769002037,0.12726659272159574,0.10988064993463172,0.08955313562215238,0.0018968100180935545,0.2731707560902059,0.27193055867791754
2026-06-29,0.07081346588331691,-0.23189122823819455,-0.2097231869973783,-0.3065157999397926,-0.3548937960358885,-0.37149867859537117,-0.30178768902153075,-0.15889018806980368,-0.26603687886875826,-0.2655038835072892,-0.2698916596367316,,-0.4665959938045544,,-0.3311223497644576,0.05028464029662054,0.10143787554026379,0.10665620736231624,-0.06744375154158493,-0.06474571345269903,-0.35280670576835016,-0.2137382914398935
2026-07-13,0.24306123655253106,0.20013131912459545,-0.18961679387392166,-0.4308632365770062,-0.3802508905668317,-0.4060069271012961,-0.149160576069847,0.1949643700414982,0.06705473835220443,-0.3834114365849814,-0.29038451336451077,,-0.49862584112452313,,-0.3354372532791934,-0.009582387898930737,0.06931427811337741,0.08456145920894836,0.035514125459729776,-0.06362443955143054,-0.24446790937878377,-0.2399927051063225
2026-07-27,-0.026229162952817908,-0.15605242726291108,-0.17581233861461934,-0.30530396184857445,-0.28893059616216143,-0.08261104072577269,-0.2747733119321449,-0.2026408314423205,-0.2156950218658303,-0.28282802397357815,-0.24692409285728092,,0.07975275987761711,,0.09469595717052486,-0.06582990870950177,0.00045833671217941456,-0.013922134975145243,-0.03531802822127848,-0.05131513460696633,-0.23122199267979326,-0.2809479344993273
